{
  "topk": [
    100.0,
    89.93321228027344,
    79.9950180053711,
    69.92822265625,
    59.99002456665039,
    49.923240661621094,
    39.98503875732422,
    29.918251037597656,
    19.98004722595215,
    9.913270950317383,
    0.0
  ],
  "random_mean": [
    100.0,
    9.913215637207031,
    19.835354328155518,
    29.777851581573486,
    39.764988327026366,
    49.75355606079101,
    59.76641426086426,
    69.78551483154297,
    79.85963134765625,
    89.91070861816407,
    100.0
  ],
  "random_std": [
    0.0,
    2.7659843512416827e-05,
    0.033621150504957766,
    0.05868769616656845,
    0.08735069238405396,
    0.08949173796270839,
    0.07052533407298206,
    0.06344885381817535,
    0.060061976504233935,
    0.007478334465407993,
    0.0
  ],
  "improvement": {
    "1": -80.0199966430664,
    "2": -60.159663677215576,
    "3": -40.150371074676514,
    "4": -20.225036239624025,
    "5": -0.16968460083008097
  }
}