{
  "vehicle_counts": [
    5,
    10,
    15,
    20,
    25,
    30,
    35,
    40,
    45,
    50,
    55,
    60,
    65,
    70,
    75,
    80,
    85,
    90,
    95,
    100
  ],
  "time_on2_ms": [
    0.01666000025579706,
    0.06597000028705224,
    0.14351999998325482,
    0.2623799999128096,
    0.405260000115959,
    0.8350799995241687,
    0.84151999981259,
    1.17002000042703,
    1.3504099995770957,
    1.7592800002603326,
    1.988049999636132,
    2.4198999999498483,
    2.846369999315357,
    3.726660000393167,
    5.162669999845093,
    5.698519999714335,
    4.95777000032831,
    6.614329999865731,
    6.2660700001288205,
    7.39742000005208
  ],
  "time_og2_ms": [
    2.8256400000827853,
    2.916894000081811,
    2.915720000019064,
    2.805520000110846,
    3.092537999909837,
    3.263301999977557,
    2.956162000045879,
    3.08266599997296,
    3.1111940000846516,
    2.949516000080621,
    2.9824059999373276,
    2.87019200011855,
    3.2682159999967553,
    3.3758180000586435,
    3.1021779999719,
    3.0963459999475162,
    3.25563799997326,
    3.8399000000208616,
    3.2031299998925533,
    3.2601859999704175
  ]
}